State/Area,Year,Month,Total Civilian Non-Institutional Population in State/Area,Total Civilian Labor Force in State/Area,Percent (%) of State/Area's Population,Total Employment in State/Area,Percent (%) of Labor Force Employed in State/Area,Total Unemployment in State/Area,Percent (%) of Labor Force Unemployed in State/Area
Alabama,2019,1,"39,25,065","22,64,526",57.7,"21,80,712",55.6,"83,814",3.7
Arizona,2019,1,"54,90,014","33,89,140",61.7,"32,18,743",58.6,"1,70,397",5
Arkansas,2019,1,"23,26,482","13,53,523",58.2,"13,03,850",56,"49,673",3.7
California,2019,1,"3,10,25,700","1,93,67,080",62.4,"1,85,27,572",59.7,"8,39,508",4.3
Los Angeles County,2019,1,"80,76,657","51,17,724",63.4,"48,78,706",60.4,"2,39,018",4.7
Colorado,2019,1,"44,89,948","30,83,800",68.7,"29,91,927",66.6,"91,873",3
Connecticut,2019,1,"29,12,554","19,33,659",66.4,"18,62,834",64,"70,825",3.7
Delaware,2019,1,"7,78,288","4,83,268",62.1,"4,66,118",59.9,"17,150",3.5
District of Columbia,2019,1,"5,62,633","3,96,983",70.6,"3,73,456",66.4,"23,527",5.9
Florida,2019,1,"1,71,81,201","1,01,80,557",59.3,"98,24,781",57.2,"3,55,776",3.5
Georgia,2019,1,"81,56,161","51,29,857",62.9,"49,32,298",60.5,"1,97,559",3.9
Hawaii,2019,1,"11,24,704","6,85,793",61,"6,66,823",59.3,"18,970",2.8
Idaho,2019,1,"13,65,196","8,75,941",64.2,"8,49,791",62.2,"26,150",3
Illinois,2019,1,"1,01,31,907","65,79,087",64.9,"62,77,328",62,"3,01,759",4.6
Indiana,2019,1,"52,43,789","34,05,784",64.9,"32,85,673",62.7,"1,20,111",3.5
Iowa,2019,1,"24,81,786","17,28,416",69.6,"16,83,462",67.8,"44,954",2.6
Kansas,2019,1,"22,37,677","14,97,704",66.9,"14,47,029",64.7,"50,675",3.4
Kentucky,2019,1,"35,09,348","20,53,708",58.5,"19,67,732",56.1,"85,976",4.2
Louisiana,2019,1,"35,85,367","21,05,545",58.7,"20,06,814",56,"98,731",4.7
Maine,2019,1,"11,16,513","6,98,128",62.5,"6,76,358",60.6,"21,770",3.1
Maryland,2019,1,"48,36,881","33,01,314",68.3,"31,81,980",65.8,"1,19,334",3.6
Massachusetts,2019,1,"57,12,539","38,40,181",67.2,"37,15,554",65,"1,24,627",3.2
Michigan,2019,1,"80,42,623","49,70,052",61.8,"47,60,117",59.2,"2,09,935",4.2
Minnesota,2019,1,"44,38,056","30,90,464",69.6,"29,89,126",67.4,"1,01,338",3.3
Mississippi,2019,1,"22,80,165","12,70,306",55.7,"12,02,088",52.7,"68,218",5.4
Missouri,2019,1,"48,02,717","30,59,221",63.7,"29,58,791",61.6,"1,00,430",3.3
Montana,2019,1,"8,50,447","5,39,209",63.4,"5,19,708",61.1,"19,501",3.6
Nebraska,2019,1,"14,89,616","10,45,037",70.2,"10,12,769",68,"32,268",3.1
Nevada,2019,1,"23,86,318","15,23,916",63.9,"14,58,328",61.1,"65,588",4.3
New Hampshire,2019,1,"11,25,793","7,75,729",68.9,"7,55,732",67.1,"19,997",2.6
New Jersey,2019,1,"73,34,531","46,26,305",63.1,"44,62,932",60.8,"1,63,373",3.5
New Mexico,2019,1,"16,40,564","9,51,940",58,"9,02,997",55,"48,943",5.1
New York,2019,1,"1,62,34,804","98,43,200",60.6,"94,52,089",58.2,"3,91,111",4
New York city,2019,1,"71,10,560","42,67,363",60,"40,83,608",57.4,"1,83,755",4.3
North Carolina,2019,1,"80,85,889","49,56,844",61.3,"47,59,961",58.9,"1,96,883",4
North Dakota,2019,1,"5,91,508","4,13,717",69.9,"4,03,945",68.3,"9,772",2.4
Ohio,2019,1,"92,85,733","58,46,166",63,"55,90,529",60.2,"2,55,637",4.4
Oklahoma,2019,1,"30,06,204","18,32,322",61,"17,73,208",59,"59,114",3.2
Oregon,2019,1,"33,86,540","20,94,615",61.9,"20,06,597",59.3,"88,018",4.2
Pennsylvania,2019,1,"1,04,03,203","65,59,461",63.1,"62,72,735",60.3,"2,86,726",4.4
Rhode Island,2019,1,"8,90,179","5,71,954",64.3,"5,50,457",61.8,"21,497",3.8
South Carolina,2019,1,"39,78,020","23,14,365",58.2,"22,40,068",56.3,"74,297",3.2
South Dakota,2019,1,"6,66,672","4,61,536",69.2,"4,48,580",67.3,"12,956",2.8
Tennessee,2019,1,"53,72,757","33,05,850",61.5,"31,91,290",59.4,"1,14,560",3.5
Texas,2019,1,"2,16,23,068","1,38,00,436",63.8,"1,32,83,685",61.4,"5,16,751",3.7
Utah,2019,1,"23,41,234","16,00,770",68.4,"15,56,237",66.5,"44,533",2.8
Vermont,2019,1,"5,31,450","3,54,921",66.8,"3,46,789",65.3,"8,132",2.3
Virginia,2019,1,"66,97,091","43,92,649",65.6,"42,55,805",63.5,"1,36,844",3.1
Washington,2019,1,"59,91,871","38,87,757",64.9,"37,06,011",61.9,"1,81,746",4.7
West Virginia,2019,1,"14,55,634","7,93,880",54.5,"7,54,035",51.8,"39,845",5
Wisconsin,2019,1,"46,58,398","31,12,456",66.8,"30,18,026",64.8,"94,430",3
Wyoming,2019,1,"4,46,483","2,92,363",65.5,"2,81,421",63,"10,942",3.7
Alabama,2019,2,"39,26,270","22,67,778",57.8,"21,86,484",55.7,"81,294",3.6
Alaska,2019,2,"5,45,122","3,52,844",64.7,"3,32,187",60.9,"20,657",5.9
Arizona,2019,2,"54,97,479","33,96,327",61.8,"32,27,254",58.7,"1,69,073",5
Arkansas,2019,2,"23,26,747","13,54,286",58.2,"13,05,675",56.1,"48,611",3.6
California,2019,2,"3,10,27,851","1,93,65,489",62.4,"1,85,37,538",59.7,"8,27,951",4.3
Los Angeles County,2019,2,"80,75,064","51,15,967",63.4,"48,80,924",60.4,"2,35,043",4.6
Colorado,2019,2,"44,94,726","30,87,585",68.7,"29,98,967",66.7,"88,618",2.9
Connecticut,2019,2,"29,12,123","19,33,293",66.4,"18,63,505",64,"69,788",3.6
Delaware,2019,2,"7,78,925","4,83,911",62.1,"4,66,780",59.9,"17,131",3.5
District of Columbia,2019,2,"5,62,646","3,98,121",70.8,"3,74,550",66.6,"23,571",5.9
Florida,2019,2,"1,71,94,557","1,01,89,993",59.3,"98,38,493",57.2,"3,51,500",3.4
Georgia,2019,2,"81,63,740","51,32,415",62.9,"49,38,240",60.5,"1,94,175",3.8
Idaho,2019,2,"13,67,852","8,78,001",64.2,"8,52,119",62.3,"25,882",2.9
Illinois,2019,2,"1,01,29,321","65,79,243",65,"62,82,635",62,"2,96,608",4.5
Indiana,2019,2,"52,45,622","34,04,829",64.9,"32,87,472",62.7,"1,17,357",3.4
Iowa,2019,2,"24,82,410","17,31,954",69.8,"16,87,073",68,"44,881",2.6
Kansas,2019,2,"22,37,771","14,98,291",67,"14,48,170",64.7,"50,121",3.3
Kentucky,2019,2,"35,09,719","20,55,955",58.6,"19,70,391",56.1,"85,564",4.2
Louisiana,2019,2,"35,84,679","21,05,746",58.7,"20,09,402",56.1,"96,344",4.6
Maine,2019,2,"11,16,889","6,96,932",62.4,"6,76,063",60.5,"20,869",3
Maryland,2019,2,"48,37,878","33,08,425",68.4,"31,91,085",66,"1,17,340",3.5
Massachusetts,2019,2,"57,14,046","38,41,338",67.2,"37,18,510",65.1,"1,22,828",3.2
Michigan,2019,2,"80,42,588","49,71,557",61.8,"47,63,577",59.2,"2,07,980",4.2
Minnesota,2019,2,"44,40,112","30,92,881",69.7,"29,91,761",67.4,"1,01,120",3.3
Mississippi,2019,2,"22,79,778","12,71,765",55.8,"12,03,342",52.8,"68,423",5.4
Missouri,2019,2,"48,03,465","30,61,474",63.7,"29,61,491",61.7,"99,983",3.3
Montana,2019,2,"8,50,981","5,39,489",63.4,"5,20,216",61.1,"19,273",3.6
Nebraska,2019,2,"14,90,143","10,46,179",70.2,"10,13,929",68,"32,250",3.1
Nevada,2019,2,"23,90,282","15,28,094",63.9,"14,63,068",61.2,"65,026",4.3
New Hampshire,2019,2,"11,26,344","7,76,581",68.9,"7,56,649",67.2,"19,932",2.6
New Jersey,2019,2,"73,36,520","46,32,556",63.1,"44,74,203",61,"1,58,353",3.4
New Mexico,2019,2,"16,41,199","9,52,777",58.1,"9,04,293",55.1,"48,484",5.1
New York,2019,2,"1,62,33,592","98,40,991",60.6,"94,56,144",58.3,"3,84,847",3.9
New York city,2019,2,"71,10,732","42,69,825",60,"40,88,844",57.5,"1,80,981",4.2
North Carolina,2019,2,"80,92,208","49,65,154",61.4,"47,71,068",59,"1,94,086",3.9
North Dakota,2019,2,"5,91,640","4,14,314",70,"4,04,612",68.4,"9,702",2.3
Ohio,2019,2,"92,86,396","58,47,142",63,"56,00,217",60.3,"2,46,925",4.2
Oklahoma,2019,2,"30,07,070","18,34,100",61,"17,75,662",59,"58,438",3.2
Oregon,2019,2,"33,88,815","20,95,538",61.8,"20,09,960",59.3,"85,578",4.1
Pennsylvania,2019,2,"1,04,02,704","65,63,753",63.1,"62,77,081",60.3,"2,86,672",4.4
Rhode Island,2019,2,"8,90,354","5,71,523",64.2,"5,50,637",61.8,"20,886",3.7
South Carolina,2019,2,"39,81,746","23,19,434",58.3,"22,45,515",56.4,"73,919",3.2
South Dakota,2019,2,"6,67,055","4,61,997",69.3,"4,48,963",67.3,"13,034",2.8
Tennessee,2019,2,"53,76,073","33,16,132",61.7,"32,02,022",59.6,"1,14,110",3.4
Texas,2019,2,"2,16,47,475","1,38,11,128",63.8,"1,33,07,135",61.5,"5,03,993",3.6
Utah,2019,2,"23,45,238","16,03,860",68.4,"15,60,140",66.5,"43,720",2.7
Vermont,2019,2,"5,31,550","3,54,683",66.7,"3,46,851",65.3,"7,832",2.2
Virginia,2019,2,"66,99,978","44,01,454",65.7,"42,65,872",63.7,"1,35,582",3.1
Washington,2019,2,"59,97,813","38,98,819",65,"37,17,843",62,"1,80,976",4.6
West Virginia,2019,2,"14,54,820","7,92,962",54.5,"7,53,819",51.8,"39,143",4.9
Wisconsin,2019,2,"46,59,639","31,12,068",66.8,"30,17,163",64.8,"94,905",3
Wyoming,2019,2,"4,46,572","2,92,167",65.4,"2,81,694",63.1,"10,473",3.6
Alabama,2019,3,"39,27,848","22,69,628",57.8,"21,91,567",55.8,"78,061",3.4
Alaska,2019,3,"5,44,990","3,52,689",64.7,"3,32,455",61,"20,234",5.7
Arizona,2019,3,"55,05,224","34,02,988",61.8,"32,35,840",58.8,"1,67,148",4.9
Arkansas,2019,3,"23,27,244","13,54,001",58.2,"13,06,615",56.1,"47,386",3.5
California,2019,3,"3,10,30,652","1,93,58,569",62.4,"1,85,47,526",59.8,"8,11,043",4.2
Los Angeles County,2019,3,"80,73,770","51,14,703",63.3,"48,84,410",60.5,"2,30,293",4.5
Colorado,2019,3,"44,99,880","30,90,775",68.7,"30,05,801",66.8,"84,974",2.7
Connecticut,2019,3,"29,11,926","19,32,793",66.4,"18,64,142",64,"68,651",3.6
Delaware,2019,3,"7,79,643","4,84,298",62.1,"4,67,213",59.9,"17,085",3.5
District of Columbia,2019,3,"5,62,679","3,98,984",70.9,"3,75,702",66.8,"23,282",5.8
Florida,2019,3,"1,72,08,940","1,02,03,260",59.3,"98,57,475",57.3,"3,45,785",3.4
Georgia,2019,3,"81,71,921","51,34,722",62.8,"49,44,622",60.5,"1,90,100",3.7
Hawaii,2019,3,"11,24,255","6,84,329",60.9,"6,65,862",59.2,"18,467",2.7
Idaho,2019,3,"13,70,649","8,79,984",64.2,"8,54,491",62.3,"25,493",2.9
Illinois,2019,3,"1,01,27,446","65,74,964",64.9,"62,88,440",62.1,"2,86,524",4.4
Indiana,2019,3,"52,48,022","34,01,445",64.8,"32,87,507",62.6,"1,13,938",3.3
Iowa,2019,3,"24,83,283","17,35,308",69.9,"16,90,540",68.1,"44,768",2.6
Kansas,2019,3,"22,38,083","14,98,807",67,"14,49,383",64.8,"49,424",3.3
Kentucky,2019,3,"35,10,443","20,58,669",58.6,"19,73,275",56.2,"85,394",4.1
Louisiana,2019,3,"35,84,285","21,04,705",58.7,"20,10,760",56.1,"93,945",4.5
Maine,2019,3,"11,17,359","6,95,866",62.3,"6,75,899",60.5,"19,967",2.9
Maryland,2019,3,"48,39,167","33,14,555",68.5,"31,99,527",66.1,"1,15,028",3.5
Massachusetts,2019,3,"57,15,977","38,42,588",67.2,"37,21,871",65.1,"1,20,717",3.1
Michigan,2019,3,"80,43,238","49,72,222",61.8,"47,66,403",59.3,"2,05,819",4.1
Minnesota,2019,3,"44,42,576","30,95,055",69.7,"29,94,930",67.4,"1,00,125",3.2
Mississippi,2019,3,"22,79,580","12,73,486",55.9,"12,05,055",52.9,"68,431",5.4
Missouri,2019,3,"48,04,697","30,62,288",63.7,"29,64,090",61.7,"98,198",3.2
Montana,2019,3,"8,51,639","5,39,763",63.4,"5,20,757",61.1,"19,006",3.5
Nebraska,2019,3,"14,90,786","10,47,151",70.2,"10,14,969",68.1,"32,182",3.1
Nevada,2019,3,"23,94,319","15,31,890",64,"14,67,753",61.3,"64,137",4.2
New Hampshire,2019,3,"11,26,984","7,77,197",69,"7,57,424",67.2,"19,773",2.5
New Jersey,2019,3,"73,38,842","46,39,105",63.2,"44,86,272",61.1,"1,52,833",3.3
New Mexico,2019,3,"16,41,872","9,53,444",58.1,"9,05,517",55.2,"47,927",5
New York,2019,3,"1,62,33,339","98,35,870",60.6,"94,58,865",58.3,"3,77,005",3.8
New York city,2019,3,"71,11,203","42,69,425",60,"40,93,336",57.6,"1,76,089",4.1
North Carolina,2019,3,"80,99,204","49,71,127",61.4,"47,79,738",59,"1,91,389",3.9
North Dakota,2019,3,"5,91,813","4,14,498",70,"4,04,990",68.4,"9,508",2.3
Ohio,2019,3,"92,87,980","58,49,255",63,"56,10,981",60.4,"2,38,274",4.1
Oklahoma,2019,3,"30,08,179","18,35,270",61,"17,77,965",59.1,"57,305",3.1
Oregon,2019,3,"33,91,365","20,95,222",61.8,"20,12,440",59.3,"82,782",4
Pennsylvania,2019,3,"1,04,03,168","65,63,900",63.1,"62,79,384",60.4,"2,84,516",4.3
Rhode Island,2019,3,"8,90,533","5,71,233",64.1,"5,50,924",61.9,"20,309",3.6
South Carolina,2019,3,"39,85,784","23,23,303",58.3,"22,50,293",56.5,"73,010",3.1
South Dakota,2019,3,"6,67,544","4,62,559",69.3,"4,49,492",67.3,"13,067",2.8
Tennessee,2019,3,"53,79,910","33,24,707",61.8,"32,11,607",59.7,"1,13,100",3.4
Texas,2019,3,"2,16,72,611","1,38,23,117",63.8,"1,33,32,306",61.5,"4,90,811",3.6
Utah,2019,3,"23,49,373","16,06,935",68.4,"15,64,065",66.6,"42,870",2.7
Vermont,2019,3,"5,31,695","3,54,244",66.6,"3,46,777",65.2,"7,467",2.1
Virginia,2019,3,"67,03,416","44,06,129",65.7,"42,75,093",63.8,"1,31,036",3
Washington,2019,3,"60,04,213","39,07,300",65.1,"37,29,379",62.1,"1,77,921",4.6
West Virginia,2019,3,"14,54,139","7,92,213",54.5,"7,53,843",51.8,"38,370",4.8
Wisconsin,2019,3,"46,61,359","31,11,820",66.8,"30,15,971",64.7,"95,849",3.1
Wyoming,2019,3,"4,46,708","2,92,071",65.4,"2,81,947",63.1,"10,124",3.5
Alabama,2019,4,"39,29,607","22,70,687",57.8,"21,96,095",55.9,"74,592",3.3
Alaska,2019,4,"5,44,937","3,52,819",64.7,"3,32,921",61.1,"19,898",5.6
Arizona,2019,4,"55,13,352","34,10,012",61.9,"32,44,842",58.9,"1,65,170",4.8
Arkansas,2019,4,"23,27,823","13,53,141",58.1,"13,06,797",56.1,"46,344",3.4
California,2019,4,"3,10,35,841","1,93,54,579",62.4,"1,85,61,791",59.8,"7,92,788",4.1
Los Angeles County,2019,4,"80,72,756","51,16,806",63.4,"48,90,908",60.6,"2,25,898",4.4
Colorado,2019,4,"45,05,234","30,94,293",68.7,"30,12,664",66.9,"81,629",2.6
Connecticut,2019,4,"29,11,860","19,32,868",66.4,"18,65,149",64.1,"67,719",3.5
Delaware,2019,4,"7,80,437","4,84,598",62.1,"4,67,532",59.9,"17,066",3.5
District of Columbia,2019,4,"5,62,800","3,99,731",71,"3,76,975",67,"22,756",5.7
Florida,2019,4,"1,72,24,396","1,02,22,527",59.3,"98,82,222",57.4,"3,40,305",3.3
Georgia,2019,4,"81,80,566","51,38,778",62.8,"49,52,273",60.5,"1,86,505",3.6
Hawaii,2019,4,"11,24,150","6,83,947",60.8,"6,65,888",59.2,"18,059",2.6
Idaho,2019,4,"13,73,528","8,82,163",64.2,"8,57,002",62.4,"25,161",2.9
Illinois,2019,4,"1,01,26,138","65,68,376",64.9,"62,94,678",62.2,"2,73,698",4.2
Indiana,2019,4,"52,50,626","33,97,496",64.7,"32,86,681",62.6,"1,10,815",3.3
Iowa,2019,4,"24,84,240","17,38,816",70,"16,94,012",68.2,"44,804",2.6
Kansas,2019,4,"22,38,478","14,99,603",67,"14,50,802",64.8,"48,801",3.3
Kentucky,2019,4,"35,11,332","20,62,076",58.7,"19,76,639",56.3,"85,437",4.1
Louisiana,2019,4,"35,84,093","21,03,216",58.7,"20,10,899",56.1,"92,317",4.4
Maine,2019,4,"11,17,922","6,95,349",62.2,"6,76,107",60.5,"19,242",2.8
Maryland,2019,4,"48,40,751","33,20,517",68.6,"32,07,406",66.3,"1,13,111",3.4
Massachusetts,2019,4,"57,18,175","38,44,239",67.2,"37,25,635",65.2,"1,18,604",3.1
Michigan,2019,4,"80,44,260","49,73,954",61.8,"47,69,277",59.3,"2,04,677",4.1
Minnesota,2019,4,"44,45,240","30,98,022",69.7,"29,99,096",67.5,"98,926",3.2
Mississippi,2019,4,"22,79,543","12,75,385",55.9,"12,06,756",52.9,"68,629",5.4
Missouri,2019,4,"48,06,147","30,62,682",63.7,"29,67,033",61.7,"95,649",3.1
Montana,2019,4,"8,52,293","5,40,329",63.4,"5,21,553",61.2,"18,776",3.5
Nebraska,2019,4,"14,91,511","10,48,179",70.3,"10,16,041",68.1,"32,138",3.1
Nevada,2019,4,"23,98,528","15,35,651",64,"14,72,519",61.4,"63,132",4.1
New Hampshire,2019,4,"11,27,679","7,77,808",69,"7,58,193",67.2,"19,615",2.5
New Jersey,2019,4,"73,41,594","46,48,025",63.3,"44,99,683",61.3,"1,48,342",3.2
New Mexico,2019,4,"16,42,690","9,54,169",58.1,"9,06,764",55.2,"47,405",5
New York,2019,4,"1,62,34,038","98,31,378",60.6,"94,61,587",58.3,"3,69,791",3.8
New York city,2019,4,"71,11,904","42,66,912",60,"40,96,751",57.6,"1,70,161",4
North Carolina,2019,4,"81,06,632","49,76,373",61.4,"47,86,566",59,"1,89,807",3.8
North Dakota,2019,4,"5,92,028","4,14,375",70,"4,05,146",68.4,"9,229",2.2
Ohio,2019,4,"92,89,983","58,54,712",63,"56,22,053",60.5,"2,32,659",4
Oklahoma,2019,4,"30,09,445","18,36,250",61,"17,80,082",59.1,"56,168",3.1
Oregon,2019,4,"33,94,106","20,94,624",61.7,"20,14,209",59.3,"80,415",3.8
Pennsylvania,2019,4,"1,04,04,082","65,62,436",63.1,"62,81,398",60.4,"2,81,038",4.3
Rhode Island,2019,4,"8,90,816","5,71,331",64.1,"5,51,423",61.9,"19,908",3.5
South Carolina,2019,4,"39,90,010","23,25,931",58.3,"22,54,908",56.5,"71,023",3.1
South Dakota,2019,4,"6,67,999","4,63,090",69.3,"4,50,023",67.4,"13,067",2.8
Tennessee,2019,4,"53,83,982","33,31,704",61.9,"32,20,354",59.8,"1,11,350",3.3
Texas,2019,4,"2,16,99,345","1,38,41,337",63.8,"1,33,60,705",61.6,"4,80,632",3.5
Utah,2019,4,"23,53,661","16,10,196",68.4,"15,68,152",66.6,"42,044",2.6
Vermont,2019,4,"5,31,810","3,53,700",66.5,"3,46,573",65.2,"7,127",2
Virginia,2019,4,"67,07,188","44,07,440",65.7,"42,83,241",63.9,"1,24,199",2.8
Washington,2019,4,"60,10,909","39,14,380",65.1,"37,40,812",62.2,"1,73,568",4.4
West Virginia,2019,4,"14,53,551","7,92,104",54.5,"7,54,326",51.9,"37,778",4.8
Wisconsin,2019,4,"46,63,267","31,12,119",66.7,"30,14,762",64.6,"97,357",3.1
Wyoming,2019,4,"4,46,793","2,92,190",65.4,"2,82,214",63.2,"9,976",3.4
Alabama,2019,5,"39,31,489","22,71,498",57.8,"22,00,089",56,"71,409",3.1
Alaska,2019,5,"5,44,832","3,53,153",64.8,"3,33,431",61.2,"19,722",5.6
Arizona,2019,5,"55,21,644","34,17,572",61.9,"32,53,918",58.9,"1,63,654",4.8
Arkansas,2019,5,"23,28,527","13,52,252",58.1,"13,06,500",56.1,"45,752",3.4
California,2019,5,"3,10,40,925","1,93,57,506",62.4,"1,85,79,975",59.9,"7,77,531",4
Los Angeles County,2019,5,"80,71,425","51,23,021",63.5,"48,99,937",60.7,"2,23,084",4.4
Colorado,2019,5,"45,10,733","30,98,139",68.7,"30,18,955",66.9,"79,184",2.6
Connecticut,2019,5,"29,11,916","19,33,906",66.4,"18,66,634",64.1,"67,272",3.5
Delaware,2019,5,"7,81,189","4,84,851",62.1,"4,67,721",59.9,"17,130",3.5
District of Columbia,2019,5,"5,62,869","4,00,261",71.1,"3,78,088",67.2,"22,173",5.5
Florida,2019,5,"1,72,40,391","1,02,47,066",59.4,"99,10,693",57.5,"3,36,373",3.3
Georgia,2019,5,"81,89,294","51,45,242",62.8,"49,61,161",60.6,"1,84,081",3.6
Hawaii,2019,5,"11,24,026","6,83,967",60.8,"6,66,326",59.3,"17,641",2.6
Idaho,2019,5,"13,76,455","8,84,592",64.3,"8,59,579",62.4,"25,013",2.8
Illinois,2019,5,"1,01,25,110","65,60,571",64.8,"62,99,386",62.2,"2,61,185",4
Indiana,2019,5,"52,53,498","33,94,522",64.6,"32,85,752",62.5,"1,08,770",3.2
Iowa,2019,5,"24,85,371","17,42,294",70.1,"16,97,160",68.3,"45,134",2.6
Kansas,2019,5,"22,38,968","15,00,772",67,"14,52,366",64.9,"48,406",3.2
Kentucky,2019,5,"35,12,368","20,65,738",58.8,"19,80,340",56.4,"85,398",4.1
Louisiana,2019,5,"35,83,980","21,01,957",58.6,"20,09,986",56.1,"91,971",4.4
Maine,2019,5,"11,18,542","6,95,531",62.2,"6,76,679",60.5,"18,852",2.7
Maryland,2019,5,"48,42,415","33,26,680",68.7,"32,14,618",66.4,"1,12,062",3.4
Massachusetts,2019,5,"57,20,593","38,45,596",67.2,"37,28,808",65.2,"1,16,788",3
Michigan,2019,5,"80,45,660","49,76,278",61.9,"47,71,686",59.3,"2,04,592",4.1
Minnesota,2019,5,"44,48,167","31,02,053",69.7,"30,04,022",67.5,"98,031",3.2
Mississippi,2019,5,"22,79,535","12,77,714",56.1,"12,08,442",53,"69,272",5.4
Missouri,2019,5,"48,07,839","30,63,607",63.7,"29,70,244",61.8,"93,363",3
Montana,2019,5,"8,53,005","5,41,302",63.5,"5,22,651",61.3,"18,651",3.4
Nebraska,2019,5,"14,92,290","10,49,323",70.3,"10,17,129",68.2,"32,194",3.1
Nevada,2019,5,"24,02,785","15,39,538",64.1,"14,77,224",61.5,"62,314",4
New Hampshire,2019,5,"11,28,455","7,78,642",69,"7,59,071",67.3,"19,571",2.5
New Jersey,2019,5,"73,44,573","46,60,187",63.5,"45,13,663",61.5,"1,46,524",3.1
New Mexico,2019,5,"16,43,494","9,54,993",58.1,"9,07,964",55.2,"47,029",4.9
New York,2019,5,"1,62,35,018","98,30,577",60.6,"94,64,972",58.3,"3,65,605",3.7
New York city,2019,5,"71,12,360","42,64,013",60,"40,99,198",57.6,"1,64,815",3.9
North Carolina,2019,5,"81,14,250","49,82,179",61.4,"47,92,219",59.1,"1,89,960",3.8
North Dakota,2019,5,"5,92,269","4,14,040",69.9,"4,05,104",68.4,"8,936",2.2
Ohio,2019,5,"92,92,359","58,62,945",63.1,"56,31,401",60.6,"2,31,544",3.9
Oklahoma,2019,5,"30,10,834","18,37,367",61,"17,81,834",59.2,"55,533",3
Oregon,2019,5,"33,96,975","20,94,094",61.6,"20,15,299",59.3,"78,795",3.8
Pennsylvania,2019,5,"1,04,05,487","65,61,551",63.1,"62,83,823",60.4,"2,77,728",4.2
Rhode Island,2019,5,"8,91,095","5,71,893",64.2,"5,52,140",62,"19,753",3.5
South Carolina,2019,5,"39,94,327","23,27,059",58.3,"22,59,261",56.6,"67,798",2.9
South Dakota,2019,5,"6,68,568","4,63,626",69.3,"4,50,586",67.4,"13,040",2.8
Tennessee,2019,5,"53,88,254","33,36,783",61.9,"32,27,570",59.9,"1,09,213",3.3
Texas,2019,5,"2,17,26,130","1,38,67,232",63.8,"1,33,91,079",61.6,"4,76,153",3.4
Utah,2019,5,"23,58,065","16,13,572",68.4,"15,72,264",66.7,"41,308",2.6
Vermont,2019,5,"5,31,999","3,53,145",66.4,"3,46,245",65.1,"6,900",2
Virginia,2019,5,"67,11,091","44,06,785",65.7,"42,89,833",63.9,"1,16,952",2.7
Washington,2019,5,"60,17,852","39,21,007",65.2,"37,51,956",62.3,"1,69,051",4.3
West Virginia,2019,5,"14,53,066","7,92,740",54.6,"7,55,192",52,"37,548",4.7
Wisconsin,2019,5,"46,65,454","31,12,759",66.7,"30,13,573",64.6,"99,186",3.2
Wyoming,2019,5,"4,46,974","2,92,513",65.4,"2,82,465",63.2,"10,048",3.4
Alabama,2019,6,"39,33,687","22,72,349",57.8,"22,03,355",56,"68,994",3
Alaska,2019,6,"5,44,811","3,53,494",64.9,"3,33,792",61.3,"19,702",5.6
Arizona,2019,6,"55,30,350","34,25,814",61.9,"32,62,719",59,"1,63,095",4.8
Arkansas,2019,6,"23,29,422","13,51,886",58,"13,06,120",56.1,"45,766",3.4
California,2019,6,"3,10,48,572","1,93,68,357",62.4,"1,85,99,205",59.9,"7,69,152",4
Los Angeles County,2019,6,"80,70,116","51,32,650",63.6,"49,10,150",60.8,"2,22,500",4.3
Colorado,2019,6,"45,16,637","31,02,097",68.7,"30,24,094",67,"78,003",2.5
Connecticut,2019,6,"29,12,199","19,35,972",66.5,"18,68,465",64.2,"67,507",3.5
Delaware,2019,6,"7,82,050","4,85,073",62,"4,67,756",59.8,"17,317",3.6
District of Columbia,2019,6,"5,62,932","4,00,513",71.1,"3,78,850",67.3,"21,663",5.4
Florida,2019,6,"1,72,57,828","1,02,74,484",59.5,"99,40,217",57.6,"3,34,267",3.3
Georgia,2019,6,"81,98,703","51,53,452",62.9,"49,70,634",60.6,"1,82,818",3.5
Hawaii,2019,6,"11,24,023","6,84,432",60.9,"6,67,155",59.4,"17,277",2.5
Idaho,2019,6,"13,79,538","8,87,258",64.3,"8,62,135",62.5,"25,123",2.8
Illinois,2019,6,"1,01,24,884","65,52,567",64.7,"63,00,928",62.2,"2,51,639",3.8
Indiana,2019,6,"52,56,736","33,93,689",64.6,"32,85,627",62.5,"1,08,062",3.2
Iowa,2019,6,"24,86,696","17,45,510",70.2,"16,99,633",68.3,"45,877",2.6
Kansas,2019,6,"22,39,675","15,02,492",67.1,"14,54,108",64.9,"48,384",3.2
Kentucky,2019,6,"35,13,678","20,69,310",58.9,"19,83,955",56.5,"85,355",4.1
Louisiana,2019,6,"35,84,166","21,01,617",58.6,"20,08,492",56,"93,125",4.4
Maine,2019,6,"11,19,234","6,96,328",62.2,"6,77,427",60.5,"18,901",2.7
Maryland,2019,6,"48,44,464","33,32,979",68.8,"32,20,992",66.5,"1,11,987",3.4
Massachusetts,2019,6,"57,23,449","38,46,204",67.2,"37,30,701",65.2,"1,15,503",3
Michigan,2019,6,"80,47,625","49,78,465",61.9,"47,73,235",59.3,"2,05,230",4.1
Minnesota,2019,6,"44,51,440","31,06,703",69.8,"30,08,666",67.6,"98,037",3.2
Mississippi,2019,6,"22,79,700","12,80,321",56.2,"12,09,906",53.1,"70,415",5.5
Missouri,2019,6,"48,09,888","30,66,252",63.7,"29,73,694",61.8,"92,558",3
Montana,2019,6,"8,53,815","5,42,642",63.6,"5,23,965",61.4,"18,677",3.4
Nebraska,2019,6,"14,93,231","10,50,737",70.4,"10,18,239",68.2,"32,498",3.1
Nevada,2019,6,"24,07,256","15,43,662",64.1,"14,81,740",61.6,"61,922",4
New Hampshire,2019,6,"11,29,296","7,79,744",69,"7,60,054",67.3,"19,690",2.5
New Jersey,2019,6,"73,48,128","46,75,185",63.6,"45,26,756",61.6,"1,48,429",3.2
New Mexico,2019,6,"16,44,488","9,55,825",58.1,"9,08,975",55.3,"46,850",4.9
New York,2019,6,"1,62,37,235","98,34,810",60.6,"94,68,743",58.3,"3,66,067",3.7
New York city,2019,6,"71,12,776","42,61,786",59.9,"41,00,222",57.6,"1,61,564",3.8
North Carolina,2019,6,"81,22,495","49,89,160",61.4,"47,97,394",59.1,"1,91,766",3.8
North Dakota,2019,6,"5,92,573","4,13,670",69.8,"4,04,947",68.3,"8,723",2.1
Ohio,2019,6,"92,95,470","58,72,584",63.2,"56,37,911",60.7,"2,34,673",4
Oklahoma,2019,6,"30,12,458","18,38,792",61,"17,83,014",59.2,"55,778",3
Oregon,2019,6,"34,00,143","20,93,901",61.6,"20,16,106",59.3,"77,795",3.7
Pennsylvania,2019,6,"1,04,07,703","65,62,938",63.1,"62,86,679",60.4,"2,76,259",4.2
Rhode Island,2019,6,"8,91,449","5,72,919",64.3,"5,53,075",62,"19,844",3.5
South Carolina,2019,6,"39,98,982","23,26,762",58.2,"22,62,867",56.6,"63,895",2.7
South Dakota,2019,6,"6,69,161","4,64,210",69.4,"4,51,185",67.4,"13,025",2.8
Tennessee,2019,6,"53,92,949","33,39,502",61.9,"32,32,038",59.9,"1,07,464",3.2
Texas,2019,6,"2,17,54,681","1,38,99,578",63.9,"1,34,21,091",61.7,"4,78,487",3.4
Utah,2019,6,"23,62,646","16,16,979",68.4,"15,76,286",66.7,"40,693",2.5
Vermont,2019,6,"5,32,217","3,52,718",66.3,"3,45,849",65,"6,869",1.9
Virginia,2019,6,"67,15,591","44,06,279",65.6,"42,94,740",64,"1,11,539",2.5
Washington,2019,6,"60,25,244","39,28,123",65.2,"37,62,718",62.4,"1,65,405",4.2
West Virginia,2019,6,"14,52,657","7,93,963",54.7,"7,56,149",52.1,"37,814",4.8
Wisconsin,2019,6,"46,67,966","31,13,457",66.7,"30,12,549",64.5,"1,00,908",3.2
Wyoming,2019,6,"4,47,173","2,92,974",65.5,"2,82,666",63.2,"10,308",3.5
Alabama,2019,7,"39,35,925","22,73,507",57.8,"22,05,842",56,"67,665",3
Alaska,2019,7,"5,44,782","3,53,702",64.9,"3,33,936",61.3,"19,766",5.6
Arizona,2019,7,"55,39,136","34,34,461",62,"32,71,005",59.1,"1,63,456",4.8
Arkansas,2019,7,"23,30,351","13,52,449",58,"13,06,096",56,"46,353",3.4
California,2019,7,"3,10,56,372","1,93,86,134",62.4,"1,86,17,193",59.9,"7,68,941",4
Los Angeles County,2019,7,"80,68,815","51,44,277",63.8,"49,20,327",61,"2,23,950",4.4
Colorado,2019,7,"45,22,526","31,06,025",68.7,"30,28,025",67,"78,000",2.5
Connecticut,2019,7,"29,12,497","19,38,572",66.6,"18,70,152",64.2,"68,420",3.5
Delaware,2019,7,"7,82,884","4,85,276",62,"4,67,678",59.7,"17,598",3.6
District of Columbia,2019,7,"5,63,055","4,00,452",71.1,"3,79,157",67.3,"21,295",5.3
Florida,2019,7,"1,72,75,460","1,03,01,481",59.6,"99,68,184",57.7,"3,33,297",3.2
Georgia,2019,7,"82,08,204","51,62,281",62.9,"49,79,988",60.7,"1,82,293",3.5
Hawaii,2019,7,"11,24,033","6,85,201",61,"6,68,196",59.4,"17,005",2.5
Idaho,2019,7,"13,82,608","8,90,034",64.4,"8,64,570",62.5,"25,464",2.9
Illinois,2019,7,"1,01,24,747","65,45,329",64.6,"62,98,913",62.2,"2,46,416",3.8
Indiana,2019,7,"52,60,092","33,95,922",64.6,"32,87,135",62.5,"1,08,787",3.2
Iowa,2019,7,"24,88,043","17,48,232",70.3,"17,01,239",68.4,"46,993",2.7
Kansas,2019,7,"22,40,381","15,04,725",67.2,"14,55,979",65,"48,746",3.2
Kentucky,2019,7,"35,15,057","20,72,575",59,"19,87,227",56.5,"85,348",4.1
Louisiana,2019,7,"35,84,412","21,02,645",58.7,"20,07,009",56,"95,636",4.5
Maine,2019,7,"11,19,929","6,97,512",62.3,"6,78,147",60.6,"19,365",2.8
Maryland,2019,7,"48,46,553","33,39,062",68.9,"32,26,539",66.6,"1,12,523",3.4
Massachusetts,2019,7,"57,26,374","38,45,756",67.2,"37,31,035",65.2,"1,14,721",3
Michigan,2019,7,"80,49,743","49,80,149",61.9,"47,74,162",59.3,"2,05,987",4.1
Minnesota,2019,7,"44,54,727","31,11,171",69.8,"30,11,930",67.6,"99,241",3.2
Mississippi,2019,7,"22,79,905","12,82,240",56.2,"12,10,430",53.1,"71,810",5.6
Missouri,2019,7,"48,12,034","30,71,207",63.8,"29,77,331",61.9,"93,876",3.1
Montana,2019,7,"8,54,612","5,44,123",63.7,"5,25,289",61.5,"18,834",3.5
Nebraska,2019,7,"14,94,151","10,52,410",70.4,"10,19,347",68.2,"33,063",3.1
Nevada,2019,7,"24,11,708","15,48,026",64.2,"14,85,980",61.6,"62,046",4
New Hampshire,2019,7,"11,30,139","7,81,034",69.1,"7,61,095",67.3,"19,939",2.6
New Jersey,2019,7,"73,51,695","46,91,659",63.8,"45,37,766",61.7,"1,53,893",3.3
New Mexico,2019,7,"16,45,429","9,56,516",58.1,"9,09,691",55.3,"46,825",4.9
New York,2019,7,"1,62,39,668","98,42,925",60.6,"94,72,035",58.3,"3,70,890",3.8
New York city,2019,7,"71,13,257","42,60,487",59.9,"40,99,835",57.6,"1,60,652",3.8
North Carolina,2019,7,"81,30,882","49,97,179",61.5,"48,02,847",59.1,"1,94,332",3.9
North Dakota,2019,7,"5,92,864","4,13,439",69.7,"4,04,795",68.3,"8,644",2.1
Ohio,2019,7,"92,98,730","58,81,896",63.3,"56,41,433",60.7,"2,40,463",4.1
Oklahoma,2019,7,"30,14,120","18,40,658",61.1,"17,83,792",59.2,"56,866",3.1
Oregon,2019,7,"34,03,331","20,94,142",61.5,"20,17,120",59.3,"77,022",3.7
Pennsylvania,2019,7,"1,04,10,068","65,67,328",63.1,"62,89,671",60.4,"2,77,657",4.2
Rhode Island,2019,7,"8,91,833","5,74,293",64.4,"5,54,197",62.1,"20,096",3.5
South Carolina,2019,7,"40,03,679","23,25,645",58.1,"22,65,379",56.6,"60,266",2.6
South Dakota,2019,7,"6,69,757","4,64,798",69.4,"4,51,741",67.4,"13,057",2.8
Tennessee,2019,7,"53,97,746","33,40,584",61.9,"32,33,639",59.9,"1,06,945",3.2
Texas,2019,7,"2,17,83,425","1,39,34,585",64,"1,34,48,594",61.7,"4,85,991",3.5
Utah,2019,7,"23,67,241","16,20,347",68.4,"15,80,126",66.7,"40,221",2.5
Vermont,2019,7,"5,32,451","3,52,536",66.2,"3,45,483",64.9,"7,053",2
Virginia,2019,7,"67,20,136","44,07,707",65.6,"42,98,145",64,"1,09,562",2.5
Washington,2019,7,"60,32,722","39,36,274",65.2,"37,73,125",62.5,"1,63,149",4.1
West Virginia,2019,7,"14,52,296","7,95,445",54.8,"7,56,881",52.1,"38,564",4.8
Wisconsin,2019,7,"46,70,599","31,13,819",66.7,"30,11,616",64.5,"1,02,203",3.3
Wyoming,2019,7,"4,47,355","2,93,471",65.6,"2,82,784",63.2,"10,687",3.6
Alabama,2019,8,"39,38,622","22,74,863",57.8,"22,07,547",56,"67,316",3
Alaska,2019,8,"5,44,796","3,53,702",64.9,"3,33,931",61.3,"19,771",5.6
Arizona,2019,8,"55,49,920","34,42,943",62,"32,78,899",59.1,"1,64,044",4.8
Arkansas,2019,8,"23,31,755","13,53,931",58.1,"13,06,750",56,"47,181",3.5
California,2019,8,"3,10,65,534","1,94,09,740",62.5,"1,86,35,662",60,"7,74,078",4
Los Angeles County,2019,8,"80,66,199","51,57,396",63.9,"49,30,880",61.1,"2,26,516",4.4
Colorado,2019,8,"45,28,179","31,10,124",68.7,"30,31,370",66.9,"78,754",2.5
Connecticut,2019,8,"29,13,303","19,41,260",66.6,"18,71,584",64.2,"69,676",3.6
Delaware,2019,8,"7,83,900","4,85,361",61.9,"4,67,496",59.6,"17,865",3.7
District of Columbia,2019,8,"5,63,264","4,00,265",71.1,"3,79,224",67.3,"21,041",5.3
Florida,2019,8,"1,72,97,522","1,03,25,409",59.7,"99,93,635",57.8,"3,31,774",3.2
Georgia,2019,8,"82,17,317","51,70,691",62.9,"49,89,063",60.7,"1,81,628",3.5
Hawaii,2019,8,"11,24,182","6,86,173",61,"6,69,379",59.5,"16,794",2.4
Idaho,2019,8,"13,86,009","8,92,687",64.4,"8,66,867",62.5,"25,820",2.9
Illinois,2019,8,"1,01,24,669","65,38,622",64.6,"62,94,310",62.2,"2,44,312",3.7
Indiana,2019,8,"52,63,618","34,00,619",64.6,"32,90,266",62.5,"1,10,353",3.2
Iowa,2019,8,"24,89,313","17,50,163",70.3,"17,02,071",68.4,"48,092",2.7
Kansas,2019,8,"22,41,511","15,07,027",67.2,"14,57,827",65,"49,200",3.3
Kentucky,2019,8,"35,16,657","20,75,260",59,"19,90,044",56.6,"85,216",4.1
Louisiana,2019,8,"35,84,749","21,04,944",58.7,"20,06,198",56,"98,746",4.7
Maine,2019,8,"11,20,729","6,98,734",62.3,"6,78,687",60.6,"20,047",2.9
Maryland,2019,8,"48,48,807","33,44,334",69,"32,31,601",66.6,"1,12,733",3.4
Massachusetts,2019,8,"57,29,205","38,43,970",67.1,"37,29,927",65.1,"1,14,043",3
Michigan,2019,8,"80,52,130","49,81,041",61.9,"47,75,068",59.3,"2,05,973",4.1
Minnesota,2019,8,"44,57,757","31,14,786",69.9,"30,13,791",67.6,"1,00,995",3.2
Mississippi,2019,8,"22,80,206","12,83,384",56.3,"12,10,524",53.1,"72,860",5.7
Missouri,2019,8,"48,14,646","30,77,964",63.9,"29,80,938",61.9,"97,026",3.2
Montana,2019,8,"8,55,641","5,45,521",63.8,"5,26,490",61.5,"19,031",3.5
Nebraska,2019,8,"14,95,187","10,54,059",70.5,"10,20,417",68.2,"33,642",3.2
Nevada,2019,8,"24,15,911","15,52,494",64.3,"14,89,955",61.7,"62,539",4
New Hampshire,2019,8,"11,31,082","7,82,346",69.2,"7,62,133",67.4,"20,213",2.6
New Jersey,2019,8,"73,55,953","47,07,756",64,"45,46,431",61.8,"1,61,325",3.4
New Mexico,2019,8,"16,46,773","9,57,066",58.1,"9,10,249",55.3,"46,817",4.9
New York,2019,8,"1,62,41,214","98,53,617",60.7,"94,75,946",58.3,"3,77,671",3.8
New York city,2019,8,"71,11,339","42,60,193",59.9,"40,99,097",57.6,"1,61,096",3.8
North Carolina,2019,8,"81,40,094","50,05,158",61.5,"48,08,970",59.1,"1,96,188",3.9
North Dakota,2019,8,"5,93,157","4,13,380",69.7,"4,04,706",68.2,"8,674",2.1
Ohio,2019,8,"93,02,156","58,89,385",63.3,"56,42,653",60.7,"2,46,732",4.2
Oklahoma,2019,8,"30,16,380","18,42,859",61.1,"17,84,657",59.2,"58,202",3.2
Oregon,2019,8,"34,06,538","20,94,334",61.5,"20,18,330",59.2,"76,004",3.6
Pennsylvania,2019,8,"1,04,13,671","65,74,197",63.1,"62,92,730",60.4,"2,81,467",4.3
Rhode Island,2019,8,"8,92,328","5,75,733",64.5,"5,55,392",62.2,"20,341",3.5
South Carolina,2019,8,"40,09,083","23,24,574",58,"22,66,856",56.5,"57,718",2.5
South Dakota,2019,8,"6,70,321","4,65,414",69.4,"4,52,319",67.5,"13,095",2.8
Tennessee,2019,8,"54,03,683","33,41,343",61.8,"32,33,449",59.8,"1,07,894",3.2
Texas,2019,8,"2,18,16,199","1,39,67,268",64,"1,34,73,161",61.8,"4,94,107",3.5
Utah,2019,8,"23,71,844","16,23,654",68.5,"15,83,783",66.8,"39,871",2.5
Vermont,2019,8,"5,32,741","3,52,612",66.2,"3,45,247",64.8,"7,365",2.1
Virginia,2019,8,"67,24,958","44,12,242",65.6,"43,01,027",64,"1,11,215",2.5
Washington,2019,8,"60,40,434","39,45,475",65.3,"37,83,381",62.6,"1,62,094",4.1
West Virginia,2019,8,"14,52,082","7,96,810",54.9,"7,57,310",52.2,"39,500",5
Wisconsin,2019,8,"46,73,489","31,13,565",66.6,"30,10,722",64.4,"1,02,843",3.3
Wyoming,2019,8,"4,47,659","2,93,912",65.7,"2,82,829",63.2,"11,083",3.8
Alabama,2019,9,"39,41,513","22,76,161",57.7,"22,08,693",56,"67,468",3
Alaska,2019,9,"5,44,827","3,53,496",64.9,"3,33,965",61.3,"19,531",5.5
Arizona,2019,9,"55,60,987","34,51,406",62.1,"32,87,572",59.1,"1,63,834",4.7
Arkansas,2019,9,"23,33,257","13,55,927",58.1,"13,08,223",56.1,"47,704",3.5
California,2019,9,"3,10,76,349","1,94,41,074",62.6,"1,86,62,231",60.1,"7,78,843",4
Los Angeles County,2019,9,"80,63,635","51,72,937",64.2,"49,43,828",61.3,"2,29,109",4.4
Colorado,2019,9,"45,34,053","31,15,226",68.7,"30,35,500",66.9,"79,726",2.6
Connecticut,2019,9,"29,14,238","19,43,889",66.7,"18,73,225",64.3,"70,664",3.6
Delaware,2019,9,"7,84,987","4,85,332",61.8,"4,67,362",59.5,"17,970",3.7
District of Columbia,2019,9,"5,63,489","4,00,397",71.1,"3,79,583",67.4,"20,814",5.2
Florida,2019,9,"1,73,20,474","1,03,47,607",59.7,"1,00,19,752",57.8,"3,27,855",3.2
Georgia,2019,9,"82,26,839","51,79,324",63,"49,99,343",60.8,"1,79,981",3.5
Hawaii,2019,9,"11,24,406","6,87,407",61.1,"6,70,831",59.7,"16,576",2.4
Idaho,2019,9,"13,89,506","8,95,172",64.4,"8,69,304",62.6,"25,868",2.9
Illinois,2019,9,"1,01,25,097","65,32,159",64.5,"62,89,915",62.1,"2,42,244",3.7
Indiana,2019,9,"52,67,359","34,06,770",64.7,"32,95,351",62.6,"1,11,419",3.3
Iowa,2019,9,"24,90,670","17,51,371",70.3,"17,02,786",68.4,"48,585",2.8
Kansas,2019,9,"22,42,765","15,09,246",67.3,"14,59,913",65.1,"49,333",3.3
Kentucky,2019,9,"35,18,418","20,77,317",59,"19,92,682",56.6,"84,635",4.1
Louisiana,2019,9,"35,85,353","21,08,003",58.8,"20,06,934",56,"1,01,069",4.8
Maine,2019,9,"11,21,582","6,99,779",62.4,"6,79,066",60.5,"20,713",3
Maryland,2019,9,"48,51,287","33,48,935",69,"32,37,448",66.7,"1,11,487",3.3
Massachusetts,2019,9,"57,32,271","38,41,822",67,"37,28,943",65.1,"1,12,879",2.9
Michigan,2019,9,"80,54,875","49,81,560",61.8,"47,78,213",59.3,"2,03,347",4.1
Minnesota,2019,9,"44,61,032","31,17,923",69.9,"30,15,951",67.6,"1,01,972",3.3
Mississippi,2019,9,"22,80,607","12,83,302",56.3,"12,10,487",53.1,"72,815",5.7
Missouri,2019,9,"48,17,444","30,85,426",64,"29,84,906",62,"1,00,520",3.3
Montana,2019,9,"8,56,768","5,46,873",63.8,"5,27,744",61.6,"19,129",3.5
Nebraska,2019,9,"14,96,322","10,55,598",70.5,"10,21,734",68.3,"33,864",3.2
Nevada,2019,9,"24,20,187","15,57,129",64.3,"14,94,110",61.7,"63,019",4
New Hampshire,2019,9,"11,32,089","7,83,557",69.2,"7,63,222",67.4,"20,335",2.6
New Jersey,2019,9,"73,60,512","47,22,462",64.2,"45,54,199",61.9,"1,68,263",3.6
New Mexico,2019,9,"16,48,226","9,57,740",58.1,"9,11,064",55.3,"46,676",4.9
New York,2019,9,"1,62,43,511","98,68,458",60.8,"94,86,126",58.4,"3,82,332",3.9
New York city,2019,9,"71,09,410","42,62,622",60,"41,01,341",57.7,"1,61,281",3.8
North Carolina,2019,9,"81,49,721","50,12,386",61.5,"48,16,739",59.1,"1,95,647",3.9
North Dakota,2019,9,"5,93,480","4,13,493",69.7,"4,04,784",68.2,"8,709",2.1
Ohio,2019,9,"93,06,022","58,96,379",63.4,"56,45,127",60.7,"2,51,252",4.3
Oklahoma,2019,9,"30,18,820","18,45,117",61.1,"17,86,225",59.2,"58,892",3.2
Oregon,2019,9,"34,09,906","20,94,267",61.4,"20,19,927",59.2,"74,340",3.5
Pennsylvania,2019,9,"1,04,17,729","65,82,426",63.2,"62,97,172",60.4,"2,85,254",4.3
Rhode Island,2019,9,"8,92,883","5,76,981",64.6,"5,56,657",62.3,"20,324",3.5
South Carolina,2019,9,"40,14,674","23,24,827",57.9,"22,68,247",56.5,"56,580",2.4
South Dakota,2019,9,"6,70,947","4,65,780",69.4,"4,52,750",67.5,"13,030",2.8
Tennessee,2019,9,"54,09,822","33,43,303",61.8,"32,33,596",59.8,"1,09,707",3.3
Texas,2019,9,"2,18,50,139","1,39,97,343",64.1,"1,35,00,270",61.8,"4,97,073",3.6
Utah,2019,9,"23,76,607","16,27,213",68.5,"15,87,717",66.8,"39,496",2.4
Vermont,2019,9,"5,33,024","3,52,910",66.2,"3,45,268",64.8,"7,642",2.2
Virginia,2019,9,"67,30,155","44,20,285",65.7,"43,05,261",64,"1,15,024",2.6
Washington,2019,9,"60,48,453","39,55,447",65.4,"37,94,734",62.7,"1,60,713",4.1
West Virginia,2019,9,"14,51,943","7,97,936",55,"7,57,791",52.2,"40,145",5
Wisconsin,2019,9,"46,76,576","31,12,977",66.6,"30,10,622",64.4,"1,02,355",3.3
Wyoming,2019,9,"4,47,980","2,94,275",65.7,"2,82,900",63.2,"11,375",3.9
Alabama,2019,10,"39,44,209","22,76,933",57.7,"22,08,773",56,"68,160",3
Alaska,2019,10,"5,44,875","3,53,202",64.8,"3,34,046",61.3,"19,156",5.4
Arizona,2019,10,"55,71,732","34,60,160",62.1,"32,96,609",59.2,"1,63,551",4.7
Arkansas,2019,10,"23,34,662","13,57,707",58.2,"13,09,804",56.1,"47,903",3.5
California,2019,10,"3,10,85,326","1,94,80,690",62.7,"1,86,94,897",60.1,"7,85,793",4
Los Angeles County,2019,10,"80,61,030","51,91,613",64.4,"49,58,641",61.5,"2,32,972",4.5
Colorado,2019,10,"45,39,699","31,21,420",68.8,"30,39,940",67,"81,480",2.6
Connecticut,2019,10,"29,15,082","19,46,103",66.8,"18,74,552",64.3,"71,551",3.7
Delaware,2019,10,"7,86,022","4,85,115",61.7,"4,67,197",59.4,"17,918",3.7
District of Columbia,2019,10,"5,63,669","4,00,943",71.1,"3,80,186",67.4,"20,757",5.2
Florida,2019,10,"1,73,42,554","1,03,68,447",59.8,"1,00,45,884",57.9,"3,22,563",3.1
Georgia,2019,10,"82,35,985","51,88,228",63,"50,09,722",60.8,"1,78,506",3.4
Hawaii,2019,10,"11,24,531","6,88,669",61.2,"6,72,333",59.8,"16,336",2.4
Idaho,2019,10,"13,92,896","8,97,416",64.4,"8,71,771",62.6,"25,645",2.9
Illinois,2019,10,"1,01,24,996","65,25,954",64.5,"62,86,173",62.1,"2,39,781",3.7
Indiana,2019,10,"52,70,906","34,12,290",64.7,"33,00,410",62.6,"1,11,880",3.3
Iowa,2019,10,"24,91,968","17,51,349",70.3,"17,02,985",68.3,"48,364",2.8
Kansas,2019,10,"22,43,910","15,11,145",67.3,"14,61,908",65.2,"49,237",3.3
Kentucky,2019,10,"35,20,039","20,78,656",59.1,"19,94,566",56.7,"84,090",4
Louisiana,2019,10,"35,85,721","21,10,389",58.9,"20,08,163",56,"1,02,226",4.8
Maine,2019,10,"11,22,420","7,00,469",62.4,"6,79,103",60.5,"21,366",3.1
Maryland,2019,10,"48,53,557","33,53,342",69.1,"32,43,692",66.8,"1,09,650",3.3
Massachusetts,2019,10,"57,35,157","38,39,638",66.9,"37,27,975",65,"1,11,663",2.9
Michigan,2019,10,"80,57,259","49,81,280",61.8,"47,82,814",59.4,"1,98,466",4
Minnesota,2019,10,"44,64,132","31,21,525",69.9,"30,19,036",67.6,"1,02,489",3.3
Mississippi,2019,10,"22,80,882","12,82,481",56.2,"12,10,413",53.1,"72,068",5.6
Missouri,2019,10,"48,20,114","30,91,677",64.1,"29,88,481",62,"1,03,196",3.3
Montana,2019,10,"8,57,808","5,48,198",63.9,"5,28,989",61.7,"19,209",3.5
Nebraska,2019,10,"14,97,372","10,56,774",70.6,"10,23,064",68.3,"33,710",3.2
Nevada,2019,10,"24,24,377","15,61,801",64.4,"14,98,156",61.8,"63,645",4.1
New Hampshire,2019,10,"11,33,046","7,84,414",69.2,"7,64,052",67.4,"20,362",2.6
New Jersey,2019,10,"73,64,742","47,35,359",64.3,"45,60,884",61.9,"1,74,475",3.7
New Mexico,2019,10,"16,49,583","9,58,729",58.1,"9,11,965",55.3,"46,764",4.9
New York,2019,10,"1,62,45,034","98,86,761",60.9,"95,00,903",58.5,"3,85,858",3.9
New York city,2019,10,"71,07,466","42,68,073",60.1,"41,05,974",57.8,"1,62,099",3.8
North Carolina,2019,10,"81,58,950","50,18,415",61.5,"48,24,917",59.1,"1,93,498",3.9
North Dakota,2019,10,"5,93,783","4,13,593",69.7,"4,04,898",68.2,"8,695",2.1
Ohio,2019,10,"93,09,494","59,04,838",63.4,"56,50,758",60.7,"2,54,080",4.3
Oklahoma,2019,10,"30,21,089","18,46,557",61.1,"17,87,697",59.2,"58,860",3.2
Oregon,2019,10,"34,13,135","20,94,425",61.4,"20,21,841",59.2,"72,584",3.5
Pennsylvania,2019,10,"1,04,21,393","65,89,949",63.2,"63,01,001",60.5,"2,88,948",4.4
Rhode Island,2019,10,"8,93,403","5,77,871",64.7,"5,57,700",62.4,"20,171",3.5
South Carolina,2019,10,"40,20,056","23,26,504",57.9,"22,69,392",56.5,"57,112",2.5
South Dakota,2019,10,"6,71,500","4,66,176",69.4,"4,53,315",67.5,"12,861",2.8
Tennessee,2019,10,"54,15,806","33,46,601",61.8,"32,34,369",59.7,"1,12,232",3.4
Texas,2019,10,"2,18,82,866","1,40,24,711",64.1,"1,35,29,427",61.8,"4,95,284",3.5
Utah,2019,10,"23,81,240","16,30,934",68.5,"15,91,627",66.8,"39,307",2.4
Vermont,2019,10,"5,33,319","3,53,223",66.2,"3,45,460",64.8,"7,763",2.2
Virginia,2019,10,"67,35,040","44,29,848",65.8,"43,10,206",64,"1,19,642",2.7
Washington,2019,10,"60,56,196","39,64,612",65.5,"38,06,436",62.9,"1,58,176",4
West Virginia,2019,10,"14,51,758","7,98,819",55,"7,58,284",52.2,"40,535",5.1
Wisconsin,2019,10,"46,79,495","31,11,764",66.5,"30,10,700",64.3,"1,01,064",3.2
Wyoming,2019,10,"4,48,284","2,94,589",65.7,"2,82,955",63.1,"11,634",3.9
Alabama,2019,11,"39,46,542","22,76,651",57.7,"22,07,391",55.9,"69,260",3
Alaska,2019,11,"5,44,814","3,53,046",64.8,"3,34,195",61.3,"18,851",5.3
Arizona,2019,11,"55,81,906","34,68,810",62.1,"33,04,986",59.2,"1,63,824",4.7
Arkansas,2019,11,"23,35,846","13,58,510",58.2,"13,10,605",56.1,"47,905",3.5
California,2019,11,"3,10,92,162","1,95,26,010",62.8,"1,87,28,829",60.2,"7,97,181",4.1
Los Angeles County,2019,11,"80,58,160","52,12,480",64.7,"49,73,651",61.7,"2,38,829",4.6
Colorado,2019,11,"45,44,977","31,28,304",68.8,"30,43,847",67,"84,457",2.7
Connecticut,2019,11,"29,15,563","19,47,497",66.8,"18,75,035",64.3,"72,462",3.7
Delaware,2019,11,"7,86,990","4,84,584",61.6,"4,66,823",59.3,"17,761",3.7
District of Columbia,2019,11,"5,63,861","4,01,741",71.2,"3,80,770",67.5,"20,971",5.2
Florida,2019,11,"1,73,62,730","1,03,87,270",59.8,"1,00,69,962",58,"3,17,308",3.1
Georgia,2019,11,"82,44,474","51,96,567",63,"50,18,217",60.9,"1,78,350",3.4
Hawaii,2019,11,"11,24,680","6,89,710",61.3,"6,73,683",59.9,"16,027",2.3
Idaho,2019,11,"13,96,148","8,99,249",64.4,"8,74,025",62.6,"25,224",2.8
Illinois,2019,11,"1,01,23,998","65,20,059",64.4,"62,82,493",62.1,"2,37,566",3.6
Indiana,2019,11,"52,73,897","34,14,590",64.7,"33,02,570",62.6,"1,12,020",3.3
Iowa,2019,11,"24,92,940","17,49,368",70.2,"17,01,780",68.3,"47,588",2.7
Kansas,2019,11,"22,44,771","15,12,514",67.4,"14,63,414",65.2,"49,100",3.2
Kentucky,2019,11,"35,21,301","20,78,831",59,"19,94,918",56.7,"83,913",4
Louisiana,2019,11,"35,85,773","21,10,022",58.8,"20,07,746",56,"1,02,276",4.8
Maine,2019,11,"11,23,092","7,00,668",62.4,"6,78,712",60.4,"21,956",3.1
Maryland,2019,11,"48,55,388","33,57,914",69.2,"32,49,248",66.9,"1,08,666",3.2
Massachusetts,2019,11,"57,37,474","38,36,640",66.9,"37,26,016",64.9,"1,10,624",2.9
Michigan,2019,11,"80,58,851","49,78,893",61.8,"47,86,071",59.4,"1,92,822",3.9
Minnesota,2019,11,"44,66,732","31,26,229",70,"30,22,952",67.7,"1,03,277",3.3
Mississippi,2019,11,"22,80,940","12,81,580",56.2,"12,10,245",53.1,"71,335",5.6
Missouri,2019,11,"48,22,220","30,95,243",64.2,"29,91,108",62,"1,04,135",3.4
Montana,2019,11,"8,58,755","5,49,340",64,"5,30,021",61.7,"19,319",3.5
Nebraska,2019,11,"14,98,271","10,57,334",70.6,"10,24,055",68.3,"33,279",3.1
Nevada,2019,11,"24,28,378","15,65,992",64.5,"15,01,574",61.8,"64,418",4.1
New Hampshire,2019,11,"11,33,886","7,84,633",69.2,"7,64,300",67.4,"20,333",2.6
New Jersey,2019,11,"73,68,303","47,46,264",64.4,"45,66,123",62,"1,80,141",3.8
New Mexico,2019,11,"16,50,790","9,59,947",58.2,"9,12,641",55.3,"47,306",4.9
New York,2019,11,"1,62,45,245","99,04,428",61,"95,14,584",58.6,"3,89,844",3.9
New York city,2019,11,"71,05,287","42,74,975",60.2,"41,10,148",57.8,"1,64,827",3.9
North Carolina,2019,11,"81,67,402","50,23,056",61.5,"48,31,883",59.2,"1,91,173",3.8
North Dakota,2019,11,"5,94,045","4,13,357",69.6,"4,04,802",68.1,"8,555",2.1
Ohio,2019,11,"93,11,911","59,15,539",63.5,"56,60,000",60.8,"2,55,539",4.3
Oklahoma,2019,11,"30,23,032","18,46,306",61.1,"17,87,984",59.1,"58,322",3.2
Oregon,2019,11,"34,15,980","20,94,636",61.3,"20,23,258",59.2,"71,378",3.4
Pennsylvania,2019,11,"1,04,23,815","65,93,548",63.3,"63,01,612",60.5,"2,91,936",4.4
Rhode Island,2019,11,"8,93,849","5,78,324",64.7,"5,58,232",62.5,"20,092",3.5
South Carolina,2019,11,"40,25,026","23,28,768",57.9,"22,69,784",56.4,"58,984",2.5
South Dakota,2019,11,"6,71,997","4,66,323",69.4,"4,53,706",67.5,"12,617",2.7
Tennessee,2019,11,"54,21,206","33,49,654",61.8,"32,34,902",59.7,"1,14,752",3.4
Texas,2019,11,"2,19,13,794","1,40,49,832",64.1,"1,35,58,434",61.9,"4,91,398",3.5
Utah,2019,11,"23,85,605","16,34,430",68.5,"15,95,027",66.9,"39,403",2.4
Vermont,2019,11,"5,33,516","3,53,248",66.2,"3,45,667",64.8,"7,581",2.1
Virginia,2019,11,"67,39,304","44,38,033",65.9,"43,14,533",64,"1,23,500",2.8
Washington,2019,11,"60,63,379","39,71,480",65.5,"38,17,222",63,"1,54,258",3.9
West Virginia,2019,11,"14,51,393","7,99,341",55.1,"7,58,515",52.3,"40,826",5.1
Wisconsin,2019,11,"46,81,929","31,09,501",66.4,"30,10,069",64.3,"99,432",3.2
Wyoming,2019,11,"4,48,535","2,94,890",65.7,"2,82,929",63.1,"11,961",4.1
Alabama,2019,12,"39,48,677","22,74,286",57.6,"22,03,603",55.8,"70,683",3.1
Alaska,2019,12,"5,44,765","3,53,020",64.8,"3,34,249",61.4,"18,771",5.3
Arizona,2019,12,"55,91,724","34,75,107",62.1,"33,10,351",59.2,"1,64,756",4.7
Arkansas,2019,12,"23,36,888","13,57,794",58.1,"13,09,953",56.1,"47,841",3.5
California,2019,12,"3,10,97,199","1,95,65,560",62.9,"1,87,51,201",60.3,"8,14,359",4.2
Los Angeles County,2019,12,"80,55,557","52,31,456",64.9,"49,84,345",61.9,"2,47,111",4.7
Colorado,2019,12,"45,49,990","31,33,811",68.9,"30,45,150",66.9,"88,661",2.8
Connecticut,2019,12,"29,15,958","19,46,805",66.8,"18,73,463",64.2,"73,342",3.8
Delaware,2019,12,"7,87,914","4,83,633",61.4,"4,66,032",59.1,"17,601",3.6
District of Columbia,2019,12,"5,64,017","4,02,396",71.3,"3,80,934",67.5,"21,462",5.3
Florida,2019,12,"1,73,81,899","1,03,96,424",59.8,"1,00,83,108",58,"3,13,316",3
Georgia,2019,12,"82,52,522","52,02,079",63,"50,21,928",60.9,"1,80,151",3.5
Hawaii,2019,12,"11,24,772","6,90,095",61.4,"6,74,409",60,"15,686",2.3
Idaho,2019,12,"13,99,350","9,00,353",64.3,"8,75,519",62.6,"24,834",2.8
Illinois,2019,12,"1,01,22,415","65,13,265",64.3,"62,75,833",62,"2,37,432",3.6
Indiana,2019,12,"52,76,602","34,12,569",64.7,"32,99,855",62.5,"1,12,714",3.3
Iowa,2019,12,"24,93,804","17,44,525",70,"16,97,885",68.1,"46,640",2.7
Kansas,2019,12,"22,45,561","15,12,705",67.4,"14,63,520",65.2,"49,185",3.3
Kentucky,2019,12,"35,22,371","20,76,707",59,"19,92,523",56.6,"84,184",4.1
Louisiana,2019,12,"35,85,647","21,05,307",58.7,"20,03,853",55.9,"1,01,454",4.8
Maine,2019,12,"11,23,727","6,99,997",62.3,"6,77,642",60.3,"22,355",3.2
Maryland,2019,12,"48,57,021","33,62,081",69.2,"32,52,096",67,"1,09,985",3.3
Massachusetts,2019,12,"57,39,529","38,29,604",66.7,"37,20,005",64.8,"1,09,599",2.9
Michigan,2019,12,"80,60,046","49,72,310",61.7,"47,83,505",59.3,"1,88,805",3.8
Minnesota,2019,12,"44,69,109","31,30,379",70,"30,25,549",67.7,"1,04,830",3.3
Mississippi,2019,12,"22,80,895","12,80,058",56.1,"12,08,806",53,"71,252",5.6
Missouri,2019,12,"48,24,112","30,94,815",64.2,"29,91,415",62,"1,03,400",3.3
Montana,2019,12,"8,59,687","5,49,838",64,"5,30,406",61.7,"19,432",3.5
Nebraska,2019,12,"14,99,060","10,56,803",70.5,"10,24,057",68.3,"32,746",3.1
Nevada,2019,12,"24,32,219","15,68,672",64.5,"15,03,316",61.8,"65,356",4.2
New Hampshire,2019,12,"11,34,660","7,83,667",69.1,"7,63,377",67.3,"20,290",2.6
New Jersey,2019,12,"73,71,512","47,52,986",64.5,"45,67,851",62,"1,85,135",3.9
New Mexico,2019,12,"16,51,902","9,60,760",58.2,"9,12,506",55.2,"48,254",5
New York,2019,12,"1,62,44,544","99,13,846",61,"95,19,010",58.6,"3,94,836",4
New York city,2019,12,"71,03,352","42,80,022",60.3,"41,10,433",57.9,"1,69,589",4
North Carolina,2019,12,"81,75,421","50,23,963",61.5,"48,34,082",59.1,"1,89,881",3.8
North Dakota,2019,12,"5,94,261","4,12,619",69.4,"4,04,207",68,"8,412",2
Ohio,2019,12,"93,13,912","59,24,607",63.6,"56,66,842",60.8,"2,57,765",4.4
Oklahoma,2019,12,"30,24,834","18,43,930",61,"17,86,162",59,"57,768",3.1
Oregon,2019,12,"34,18,638","20,93,864",61.2,"20,22,579",59.2,"71,285",3.4
Pennsylvania,2019,12,"1,04,25,767","65,88,288",63.2,"62,93,991",60.4,"2,94,297",4.5
Rhode Island,2019,12,"8,94,223","5,78,028",64.6,"5,57,740",62.4,"20,288",3.5
South Carolina,2019,12,"40,29,822","23,29,660",57.8,"22,67,885",56.3,"61,775",2.7
South Dakota,2019,12,"6,72,462","4,66,087",69.3,"4,53,726",67.5,"12,361",2.7
Tennessee,2019,12,"54,26,345","33,49,275",61.7,"32,33,025",59.6,"1,16,250",3.5
Texas,2019,12,"2,19,43,443","1,40,65,707",64.1,"1,35,76,338",61.9,"4,89,369",3.5
Utah,2019,12,"23,89,917","16,36,696",68.5,"15,96,964",66.8,"39,732",2.4
Vermont,2019,12,"5,33,736","3,52,852",66.1,"3,45,548",64.7,"7,304",2.1
Virginia,2019,12,"67,43,227","44,39,914",65.8,"43,15,067",64,"1,24,847",2.8
Washington,2019,12,"60,70,251","39,74,992",65.5,"38,24,379",63,"1,50,613",3.8
West Virginia,2019,12,"14,50,977","7,99,331",55.1,"7,58,068",52.2,"41,263",5.2
Wisconsin,2019,12,"46,84,115","31,05,297",66.3,"30,07,528",64.2,"97,769",3.1
Wyoming,2019,12,"4,48,761","2,95,088",65.8,"2,82,659",63,"12,429",4.2
